huurder,locker,regis,excel
email,kluisnummer,is_registered
email,kluisnummer,is_registered
email,kluisnummer,is_registered
email,kluisnummer,is_registered
email,kluisnummer,is_registered
email,kluisnummer,is_registered
email,kluisnummer,is_registered
email,kluisnummer,is_registered
email,kluisnummer,is_registered
email,kluisnummer,is_registered
email,kluisnummer,is_registered
email,kluisnummer,is_registered
email,kluisnummer,is_registered
email,kluisnummer,is_registered
email,kluisnummer,is_registered
email,kluisnummer,is_registered
email,kluisnummer,is_registered
email,kluisnummer,is_registered
email,kluisnummer,is_registered
email,kluisnummer,is_registered
email,kluisnummer,is_registered
email,kluisnummer,is_registered
email,kluisnummer,is_registered
email,kluisnummer,is_registered
email,kluisnummer,is_registered
email,kluisnummer,is_registered
email,kluisnummer,is_registered
email,kluisnummer,is_registered
email,kluisnummer,is_registered
email,kluisnummer,is_registered
email,kluisnummer,is_registered
email,kluisnummer,is_registered
email,kluisnummer,is_registered
email,kluisnummer,is_registered
email,kluisnummer,is_registered
email,kluisnummer,is_registered
email,kluisnummer,is_registered
email,kluisnummer,is_registered
email,kluisnummer,is_registered
email,kluisnummer,is_registered
email,kluisnummer,is_registered
email,kluisnummer,is_registered
email,kluisnummer,is_registered
email,kluisnummer,is_registered
email,kluisnummer,is_registered
email,kluisnummer,is_registered
email,kluisnummer,is_registered
email,kluisnummer,is_registered
email,kluisnummer,is_registered
email,kluisnummer,is_registered
email,kluisnummer,is_registered
email,kluisnummer,is_registered
email,kluisnummer,is_registered
email,kluisnummer,is_registered
email,kluisnummer,is_registered
email,kluisnummer,is_registered
email,kluisnummer,is_registered
email,kluisnummer,is_registered
email,kluisnummer,is_registered
email,kluisnummer,is_registered
email,kluisnummer,is_registered
email,kluisnummer,is_registered
email,kluisnummer,is_registered
email,kluisnummer,is_registered
email,kluisnummer,is_registered
email,kluisnummer,is_registered
email,kluisnummer,is_registered
email,kluisnummer,is_registered
email,kluisnummer,is_registered
email,kluisnummer,is_registered
email,kluisnummer,is_registered
email,kluisnummer,is_registered
email,kluisnummer,is_registered
email,kluisnummer,is_registered
email,kluisnummer,is_registered
email,kluisnummer,is_registered
email,kluisnummer,is_registered
email,kluisnummer,is_registered
email,kluisnummer,is_registered
email,kluisnummer,is_registered
email,kluisnummer,is_registered
email,kluisnummer,is_registered
email,kluisnummer,is_registered
email,kluisnummer,is_registered
email,kluisnummer,is_registered
email,kluisnummer,is_registered
email,kluisnummer,is_registered
email,kluisnummer,is_registered
email,kluisnummer,is_registered
email,kluisnummer,is_registered
email,kluisnummer,is_registered
email,kluisnummer,is_registered
email,kluisnummer,is_registered
email,kluisnummer,is_registered
email,kluisnummer,is_registered
email,kluisnummer,is_registered
